Word,Used
69,N
acorn,N
add,N
admiral,N
alaskan malamute,N
aluminum,Y
amber,N
american curl,N
american longhair,N
american shorthair,N
angel,N
apple pie,N
apple,N
apprentice,N
arowana,N
assassin,N
australian shepard,N
awful,N
bacon,N
bad,Y
bamboo,N
banana,N
bass,N
basset hound,N
battery,N
bay,N
beagle,N
beetle,N
bike,N
billions,Y
birch,N
birman,Y
bitter,Y
blackberry,N
blade,N
blaster,N
blue,N
blueberry,N
bomb,N
bombay,N
bone,N
boob,N
border collie,N
boss,N
break,N
british shorthair,N
broken,N
bronze,N
brunette,N
bull,N
bush,N
butter,N
butterfly,N
button,N
cactus,N
cake,N
camera,N
candy,N
cannon,N
canon,N
cantaloupe,N
carp,N
carrot,N
cat,N
cave,N
chair,N
change,N
chartreux,N
check,N
chicken,N
chowder,N
classic,Y
classical,N
claw,N
clean,N
clog,N
clothes,N
clown,Y
cocker spaniel,N
coconut,N
copper,N
cow,N
crab,N
crash,N
cross,N
crêpe,N
curry,N
cut,N
cyberpunk,N
dachshund,N
deer,N
doctor,N
dragon,N
dragonfruit,N
ds,N
eel,N
elixir,N
elk,N
end,N
erase,N
escargot,N
execute,N
expedition,N
exposed,N
eye,N
eyeball,N
fae,N
fairy,N
faith,N
fang,N
fast,N
faster,N
field,Y
filter,N
finger,N
fire,N
firefly,N
flame,N
flesh,N
flick,N
flint,N
flower,N
foot,N
force,N
forest,N
fresh,N
frog,N
fruit,Y
fruitcake,N
fry,N
funny,N
garlic,N
gas,N
gba,N
gear,N
generate,N
gerbil,N
girls,N
glazed,N
god,N
goose,N
grass,N
grease,N
green,N
grove,N
gun,N
ham,N
hammer,N
harder,N
herb,Y
himalayan,N
homicide,N
honest,N
honey,N
honeydew,Y
honse,N
hoof,N
horn,N
hunt,N
huskie,N
infinity,N
interesting,N
island,N
jalapeño,N
jelly,N
journal,N
jungle,N
kill 2,N
kill,N
king,N
labrador,N
lake,Y
lamb,N
lawn,Y
learn,N
legend,N
lie,N
management,N
meadow,N
melon,Y
minimum,N
mirror,N
more,N
munchkin,N
murder,Y
mushroom,N
n64,N
nes,N
network,N
nickel,N
oak,N
obliterate,N
ocean,N
omelet,N
onion,N
opal,N
orange,N
overhaul,N
paella,N
pan,N
patrick star,N
peak,N
peanut butter,N
pen,N
pepper,N
periodic table,N
persian,N
pie,N
plain,N
plains,N
plant,N
plateau,N
point,N
poodle,N
poop,N
porgy,N
potion,N
poultry,N
power,N
prime,N
private,N
pudding,N
pumpkin,N
pure,N
purple,N
queen,Y
quick,Y
rabbit,N
radish,N
ragdoll,N
raspberry,N
read,N
rework,N
rgb,N
risotto,N
river,N
roast,N
roasted,N
rod,N
rotten,N
ruby,N
russell terrier,N
russian blue,N
saint bernard,Y
salmon,N
salty,N
samoyed,N
sandy cheeks,N
sauté,N
savanna,N
save,N
savory,N
scale,N
scream,N
scrub,N
seafood,N
sear,N
seed,N
send,N
separate,N
set,N
sex,N
shaft,N
shiba inu,N
shield,N
shore,N
shout,N
shower,N
shrub,Y
siberian,N
sign,N
silver,N
sith,N
skewer,Y
sky,Y
slaughter,N
slay,N
sorcery,N
sour,N
sphynx,N
spike,N
spongebob squarepants,N
spooky,N
spruce,N
star,N
station,N
steal,N
steamed,N
stephen hillenburg,N
stew,Y
stir-fry,N
stop,N
strangle,N
stronger,N
subtract,N
sugar,N
surf,N
swamp,N
sweet,N
tabby,N
taiga,N
tart,N
tear,N
teeny,N
tentacle,N
tenuous,N
toast,Y
toasted,N
toe,N
toenail,N
tomato,N
tonic,N
topaz,N
touch,N
toyger,N
tree,N
trillions,N
trout,N
truffle,N
tune,N
turkey,N
turkish angora,N
turkish van,N
umami,Y
unknown,N
unlimited,Y
unnerving,N
use,N
valley,N
vaporize,N
venison,N
view,N
vinyl,N
violation,Y
void,N
wallpaper,N
washboard,N
waste,N
wasted,N
watermelon,N
waypoint,N
weed,Y
well,N
wheat,N
whistle,N
white,N
windy,N
wing,Y
women,N
wood,N
